name,address,code,lat,lon,total_parking,basic_fee
창경궁로1 관광버스 주차허용 구간(시),종로구 와룡동 2-86 (창경궁주차장~홍화문),1452740,37.57978415545455,126.99640169909092,1,0
사직로2 관광버스 주차허용 구간(시),종로구 내자동 131-0 내자동136(사직이용원) ~ 내자동75-4(가로등),1452743,37.57586601111112,126.9711020211111,1,0
당고개위 공영주차장(시),노원구 상계동 111-568,1453742,37.67052751043478,127.08057842956522,1,260
(구)북부지법주변(구),노원구 공릉동 629-1,1453979,37.61949414272728,127.07744403454544,1,250
주공3단지상가주변(구),노원구 상계동 736-0,1454047,37.663339766,127.076523619,1,250
성내역(잠실나루역) 공영주차장(시),송파구 신천동 11-1,1475224,37.51779112500002,127.10504465892859,1,250
동작대교(위) 공영주차장(시),동작구 동작동 316-3,1477337,37.505370520638316,126.98040973042552,1,260
낙성대제2공영(구),관악구 봉천동 220-8,1486996,37.47462431192308,126.95990885500001,1,150
낙성대제1공영(구),관악구 봉천동 1627-10,1486998,37.47777196086956,126.95881808130436,1,150
헌릉로745길(구),강남구 율현동 101-10,1495387,37.46961971069669,127.1187815790574,1,300
압구정고가1 공영주차장(시),강남구 신사동 668-0,1496216,37.526086378947376,127.02840881578948,1,500
동호대교(남) 공영주차장(시),강남구 압구정동 435-0,1496233,37.530921847222224,127.02479469166666,1,170
압구정고가2 공영주차장(시),강남구 신사동 668-0,1496373,37.52565480105263,127.02839446842101,1,500
개포주공5단지북측(구),"강남구 개포동 186-4 ",1496801,37.488604498703715,127.06808826962961,1,300
제방도로 공영주차장(시),구로구 구로동 69-5,1499533,37.489025996,126.887961293,1,120
대림역2 공영주차장(시),구로구 구로동 73-9,1499707,37.495739546774196,126.89373800064517,1,260
가양3동 황금내공원길(구),강서구 가양동 1485-0,1504483,37.563249825625014,126.86111619337495,1,100
꿈나무길 노상공영주차장(구),강서구 등촌동 709-16,1504492,37.560006867796595,126.84649171067801,1,250
방화로 공영주차장(시),강서구 공항동 796-0,1504809,37.554750844237276,126.81643691508474,1,120
경남 공영주차장(구),마포구 서교동 376-5,1505123,37.55460974523811,126.9198229057143,1,250
청계5(동호로_남) 공영주차장(시),중구 방산동 4-47 0,1509662,37.56873157545455,127.00224877181817,1,750
청계3(창경궁로_남) 공영주차장(시),중구 주교동 123-1 0,1509853,37.56792040499999,126.99798358416666,1,750
성산로 관광버스 주차허용 구간(시),마포구 성산동 117-1,1509989,37.5658592275,126.91364413625,1,0
청계5(남) 공영주차장(시),중구 을지로6가 17-442 0,1510016,37.569505736,127.007371814,1,750
초안산근린공원주차장(구),도봉구 창동 24-0,1010089,37.63354654,127.041116982,71,0
영등포여고 공영(구),영등포구 신길동 184-3,1025695,37.510556798,126.91196934,98,50
휘경마을 공영주차장(구),동대문구 휘경동 308-32,1027845,37.5880691,127.05809327,78,500
구로디지털단지역 공영주차장(시),구로구 구로동 810-3,1037932,37.48543179,126.90124331,91,260
불암산 공영주차장(구),노원구 중계동 26-0,1041991,37.660298739,127.07406291,39,150
언북초교 공영주차장(구),강남구 청담동 27-0,1042405,37.522895993,127.052536986,225,300
논현초교 공영주차장(구),강남구 논현동 168-0,1042410,37.518832983,127.027049092,192,300
구파발역 공영주차장(시),은평구 진관동 70-1,1051043,37.63800702,126.91932176,399,170
한누리(구),동작구 사당동 1046-1,1056832,37.47743578,126.97707837,45,150
봉천복개3 공영주차장(시),관악구 봉천동 1467-3,1163833,37.48825406081967,126.93046808704919,1,220
독산동 금천교 공영주차장(시),금천구 독산동 1081-4,1167546,37.46656827523809,126.88994941952383,1,400
청계2(북2) 공영주차장(시),종로구 관수동 91-4,1208601,37.568867743333335,126.99664286888888,1,750
청계3(북1) 공영주차장(시),종로구 예지동 140-1,1210657,37.56943612789475,126.99990200999999,1,750
가마산고가밑 공영주차장(시),구로구 구로동 414-13,1234305,37.49286542722221,126.88259436944446,1,120
청계3(남) 공영주차장(시),중구 주교동 51-3,1235522,37.569019493,126.99955476999999,1,750
청계6(청평화) 공영주차장(시),중구 신당동 217-91 0,1235665,37.569598652,127.015038456,1,450
남대문 화물 공영주차장(시),중구 남대문로4가 24-1,1236612,37.560851746666664,126.97767675666667,1,400
해운센터 앞(구),중구 소공동 59-0,1237608,37.563176401111114,126.98075833777779,1,600
신설동 공영주차장(시),동대문구 신설동 114-29,1247636,37.57252061,127.02425684,71,260
구의3동 공영주차장(구),광진구 구의동 219-15,1247659,37.5391245,127.09138968,159,200
광진광장 공영주차장(구),광진구 군자동 374-9,1247661,37.54770648,127.07326955,33,250
휘경유수지 공영주차장(구),동대문구 휘경동 348-0,1247680,37.58908686,127.06977384,55,500
후암동주차장(구),용산구 후암동 65-4,1268816,37.55048874,126.97648587,39,150
영등포구청역 공영주차장(시),영등포구 당산동3가 370-3,1277144,37.52432737,126.89548892,137,260
잠실역 공영주차장(시),송파구 신천동 27-0,1277145,37.51427683,127.10341414,357,400
장안2동 공영주차장(시),동대문구 장안동 286-9,1277146,37.5782752,127.07061896,80,130
해방촌노외 공영주차장(구),용산구 용산동2가 1-1497,1277157,37.54438297,126.98430421,24,130
당산노외 공영주차장(시),영등포구 당산동3가 2-1,1277160,37.52625065,126.89945376,236,260
명일동 공영주차장(시),강동구 명일동 47-9,1277163,37.55361065,127.15591212,11,220
하늘공원주차장(구),구로구 가리봉동 1-11,1366393,37.482948205,126.887534725,198,150
개봉1동 노외주차장(구),구로구 개봉동 134-8,1366395,37.50001376,126.8510351,134,100
동작대교 공영주차장(시),용산구 용산동6가 69-11,1366527,37.518577,126.983287,88,120
개화역 공영주차장(시),강서구 개화동 664-0,1366576,37.57798421,126.79821222,483,170
신대방역 공영주차장(시),관악구 신림동 498-0,1366590,37.48830327,126.91452278,60,260
구로디지털단지역(상) 공영주차장(시),관악구 신림동 1677-5,1366593,37.48481135,126.90323392,31,260
학여울 공영주차장(시),강남구 대치동 514-1,1366600,37.49705092,127.07239543,180,260
일원터널 공영주차장(시),강남구 일원동 722-1,1366602,37.48285728,127.07937197,11,130
창동역(서) 공영주차장(시),도봉구 창동 330-0,1366624,37.65237042,127.04567683,107,260
석계역 공영주차장(시),노원구 월계동 50-9,1366903,37.615292,127.062997,70,260
동구로 공영주차장(시),구로구 구로동 94-1,1367120,37.49510602,126.89186155,71,320
해군본부앞 공영주차장(시),영등포구 신길동 812-0,1367564,37.504341225999994,126.921001256,1,220
가산동 금천교 공영주차장(시),금천구 가산동 691-3,1367773,37.46590874270271,126.88715348783785,1,200
당산고가밑 공영주차장(시),영등포구 당산동5가 9-15,1367792,37.532396794347825,126.9006891456522,1,260
을지로 공영주차장(시),중구 을지로3가 282-8,1367804,37.56663348926495,126.99680783992434,1,750
남산공원 소월로 관광버스전용 주차장(시),중구 남대문로5가 450-0,1368955,37.55427586166667,126.97850775916669,1,0
탑골공원 관광버스전용 주차장(시),종로구 종로2가 38-4,1369476,37.57130525,126.98776441000001,1,0
강일동 주차장(구),강동구 강일동 665-4,1370100,37.565988,127.172313,90,150
봉수대공영주차장(구),중랑구 신내동 12-2,1370857,37.615073816,127.101300107,31,150
대림노외 공영주차장(시),구로구 구로동 120-5,1372454,37.4928472,126.89433148,93,260
도봉산역 공영주차장(시),도봉구 도봉동 288-19,1372873,37.68972069,127.04483862,358,170
가로공원 지하 주차장(구),강서구 화곡동 662-15,1384016,37.53758251,126.83934816,512,100
동대문 공영주차장(시),중구 신당동 251-7,1384198,37.56710187,127.01214106,1092,360
교육청길(구),강북구 미아동 137-19,1384980,37.62086441404258,127.02919125255319,1,200
서울글로벌센터 공영주차장(시),종로구 서린동 63-0,1386536,37.56983402,126.98150586,44,700
천왕역 공영주차장(시),구로구 오류동 174-10,1404936,37.48728845,126.83918316,325,170
견인보관소(구),동대문구 휘경동 361-0,1415512,37.58901132,127.0691229,40,500
구룡 공영주차장(구),금천구 독산동 964-0,1415917,37.43718971,126.90421024,22,65
벽산 노상공영(구),강북구 수유동 36-1,1421520,37.647419656,127.010252418,1,200
나눔터길 노상공영(구),강북구 수유동 605-185,1421586,37.63586900039215,127.02051442882356,1,200
남부초등학교(지하주차장)(구),관악구 신림동 467-0,1423770,37.459965041,126.930588471,135,150
DDP북측 마장로 관광버스전용 주차장(시),중구 신당동 222-3,1424461,37.568278802500004,127.0107074025,1,0
동국제강 공영주차장(시),중구 삼각동 111-1,1425816,37.56733736,126.98343453,13,700
DDP동측(양쪽) 관광버스전용 주차장(시),중구 을지로7가 2-36,1427633,37.5661198035,127.011172229,1,0
남대문 초입 관광버스전용 주차장(시),중구 남창동 282-10,1430035,37.55943333333334,126.97572066666667,1,0
남대문 시장 관광버스전용 주차장(시),중구 남창동 51-4,1430042,37.559470000000005,126.9759085,1,0
고척근린공원지하주차장(구),구로구 고척동 9-14,1431448,37.50559235,126.85197253,199,150
황학어린이공원 지하주차장(구),중구 황학동 755-0,1431644,37.56754712,127.01813313,113,300
구로4동 마을공동 주차장(구),구로구 구로동 741-27,1432682,37.48968656,126.88695201,194,100
한남동 공영주차장(구),용산구 한남동 685-46,1433547,37.53496611,127.00019178,248,250
가산디지털 서측(구),금천구 가산동 505-3,1436808,37.48568215,126.87969296,160,300
영남 공영주차장(시),영등포구 영등포동4가 123-0,1437917,37.51947074,126.90260898,570,160
놀이마당(구),송파구 잠실동 47-0,1441348,37.509532559,127.084571043,17,500
천마 공영주차장(구),송파구 마천동 1-5,1441362,37.499481452,127.147718852,141,50
방이고분(구),송파구 방이동 125-0,1441378,37.511793146,127.109246419,60,100
송파나루공원 동호주차장(구),송파구 신천동 32-0,1441386,37.515002997,127.102059186,20,500
경부제3녹지공영주차장(구),영등포구 신길동 69-39,1448769,37.51357817,126.92346995,143,100
청계7가 공영주차장(시),종로구 창신동 436-87,1451364,37.57131480358974,127.0194346969231,1,450
동순라길(종묘) 관광버스전용 주차장(시),종로구 인의동 107-1,1451370,37.572772682,126.99675077399999,1,0
필운대로 도미노피자앞 이륜차 주차장(구),종로구 누하동 7-0,1451389,37.578421296,126.969537486,1,0
낙산성곽 버스전용 주차장(구),종로구 창신동 615-62,1451409,37.58031674888889,127.00963144999999,1,0
광화문빌딩(구),종로구 당주동 40-9,1451912,37.57157449562501,126.97368175312499,1,500
삼청공원앞(구),종로구 삼청동 25-11,1451913,37.585740543,126.98482469,1,250
청계1(북) 공영주차장(시),종로구 관철동 13-14,1451938,37.56830045833335,126.98861318083333,1,750
청계5(북1) 공영주차장(시),종로구 종로5가 458-2,1452019,37.56984085040001,127.0060116156,1,750
청계5(동호로_북) 공영주차장(시),종로구 종로5가 458-2,1452024,37.570160709999996,127.00213305,1,750
청계3(창경궁로_북1) 공영주차장(시),종로구 예지동 140-1,1452025,37.57037743833333,126.99746817166665,1,750
롯데캐슬 뒤 이륜차 주차장(구),종로구 숭인동 76-1,1452104,37.571843951,127.018949425,1,0
경복궁역 이륜차 주차장(구),종로구 내자동 67-2,1452217,37.576224244,126.972339618,1,0
청계2(돈화문로) 공영주차장(시),종로구 관수동 91-4,1452219,37.56923229299999,126.99236500400002,1,750
사직로3 관광버스 주차허용 구간(시),종로구 사직동 240-0 (한국갤럽 앞 ~ 풍림스페이스본 버스정류장 전),1452263,37.574614395,126.967745375,1,0
창의문로 관광버스 주차허용 구간(시),종로구 청운동 15-57 (벽산빌리지 9동 앞 ~ 청운중학교 100m 앞),1452264,37.5905824639394,126.97006202515152,1,0
사직로1 관광버스 주차허용 구간(시),종로구 내자동 35-0 내자동 54(치과의원) ~ 필운동 227(금고 앞),1452323,37.57612308333333,126.97095612466666,1,0
관철동 공영주차장(시),종로구 관철동 13-14,1452337,37.56844012714286,126.9862807642857,1,430
청계6(북) 공영주차장(시),종로구 종로6가 289-49,1452441,37.56998236071428,127.01275056428571,1,450
낙산성곽길 이륜차 주차장(구),종로구 창신동 67-2,1452713,37.572349189130435,127.00946831391306,1,0
청계2(북1) 공영주차장(시),종로구 관수동 91-4,1452721,37.56862408333334,126.99366900000001,1,750
청계5가 공영주차장(시),중구 을지로6가 17-442 0,1510063,37.56955452649999,127.008344709,1,750
훈련원공원 옆(구),중구 을지로6가 18-200,1510243,37.567507125,127.00486925,1,500
구민회관앞 이륜차 주차장(구),중구 을지로6가 18-14 0,1510248,37.568230862,127.00633850199998,1,0
청계6(신평화시장앞) 공영주차장(시),중구 신당동 217-91 0,1510350,37.569573301428576,127.01153670571428,1,450
청계6(동평화) 공영주차장(시),중구 신당동 217-91 0,1510496,37.56958206666666,127.01313014,1,450
청계5(방산동) 공영주차장(시),중구 방산동 52-1,1510632,37.56948062999999,127.00462316749999,1,750
남대문시장3번게이트 이륜차 주차장(시),중구 남대문로3가 13-3 0,1511346,37.560984847,126.97835994900001,1,0
서울스퀘어빌딩앞 이륜차 전용주차장(시),중구 남대문로5가 541-0 0,1511365,37.555099986,126.97323300399998,1,0
남대문시장2번게이트앞 이륜차 주차장(시),중구 남대문로4가 3-6 0,1511395,37.560807815,126.97751730249999,1,0
남산케이블카 공영주차장(시),중구 회현동1가 1-19,1511592,37.55595599714287,126.98390197761903,1,330
국제화재빌딩 옆(구),중구 남대문로5가 145-0,1511639,37.5580081,126.97607833333335,1,500
마른내길 공영주차장(시),중구 인현동1가 87-10,1511816,37.564328703939395,126.99482468424242,1,680
남산파출소 공영주차장(시),중구 회현동1가 1-16,1511971,37.554892537692304,126.98190800538464,1,330
남대문피혁상가 남측(구),중구 봉래동1가 83-0,1512008,37.5588426,126.9729912,1,500
남산공원 소파로 관광버스전용 주차장(시),중구 남창동 205-107,1512095,37.555939134285715,126.97909040952379,1,0
청계8가 공영주차장(시),중구 흥인동 162-1 0,1512125,37.56994423444445,127.01711474666666,1,500
청계3(동호로) 공영주차장(시),중구 방산동 4-47 0,1512129,37.5687081,127.00199394666667,1,750
소파로케이블카앞 관광버스전용 주차장(시),중구 회현동1가 1-15,1512161,37.55516503,126.983716475,1,0
두산공원A~B(구),금천구 독산동 298-1,1524605,37.473355133,126.903484341,1,500
가산중앞(구),금천구 독산동 300-26,1525590,37.468604778947366,126.89496489473683,1,250
가산디지털환승(구),금천구 가산동 35-2,1526725,37.48428332292682,126.88161620317074,1,150
LG텔레콤(구),금천구 가산동 60-36,1526743,37.475067897692306,126.88783291615388,1,250
SJ테크노빌(구),금천구 가산동 60-19,1526747,37.4789346389189,126.88401153486484,1,250
거주자우선주차장(구),성동구 마장동 494-0,1536454,37.56937347666666,127.03964645749998,1,250
KT성수분국 앞(구),성동구 성수동2가 277-43,1538943,37.54672634546011,127.06187481607358,1,250
청계8가(남) 공영주차장(시),성동구 상왕십리동 12-47,1540689,37.57015380805555,127.02822529569438,1,450
현대41타워옆 노상공영주차장(구),양천구 목동 917-2,1540707,37.5278137490572,126.87534275475213,1,150
신월5동복개주차장(구),양천구 신월동 53-2,1540766,37.53430197400001,126.832614263,1,150
한전 뒷길 노상주차장(구),양천구 신정동 319-25,1540769,37.51996461062757,126.86913639468844,1,150
한국통신(구),양천구 목동 924-1,1542478,37.52830428125,126.87135815749998,1,250
세우빌딩앞 노상주차장(구),영등포구 여의도동 10-0,1542826,37.517822576,126.935605114,1,500
KBS별관뒤 노상주차장(구),영등포구 여의도동 4-5,1542854,37.51905417,126.92876793291668,1,500
미래에셋빌딩 앞 노상주차장(구),영등포구 여의도동 45-0,1542893,37.520534816,126.934595148,1,500
교보생명옆 노상주차장(구),영등포구 당산동2가 21-26,1543091,37.5212728923077,126.89255223384613,1,250
교보생명 앞 노상주차장(구),영등포구 양평동1가 71-0,1543175,37.52137710111111,126.89151418666665,1,250
산업은행앞 노상주차장(구),영등포구 여의도동 16-0,1543279,37.523018357,126.932479868,1,500
MBC방송국뒤 노상주차장(구),영등포구 여의도동 3-1,1543292,37.52385813333334,126.93101946714287,1,500
KBS본관 앞 노상주차장(구),영등포구 여의도동 1-7,1543307,37.5261449227451,126.91750645098035,1,500
국민일보사옥앞 노상주차장(구),영등포구 여의도동 12-0,1543324,37.528696212,126.9189083,1,500
삼환아파트 앞 노상주차장(구),영등포구 문래동4가 41-0,1545129,37.516516125,126.88878138,1,250
호성빌딩 앞 노상주차장(구),영등포구 여의도동 4-4,1545228,37.520157903,126.92920204050002,1,500
양남사거리 앞 노상주차장(구),영등포구 당산동2가 30-0,1545246,37.532924059,126.905414342,1,250
문래1동 공영주차장(시),영등포구 문래동3가 54-12,1545252,37.51353976272728,126.89705878636363,1,130
경호빌딩앞 노상주차장(구),영등포구 여의도동 25-0,1545366,37.523570670000005,126.92613045555555,1,500
교보생명 앞 노상주차장(구),영등포구 당산동2가 71-0,1545399,37.52118032846154,126.89193132884614,1,250
KBS별관옆 노상주차장(구),영등포구 여의도동 4-4,1545408,37.51911242333333,126.93018787,1,500
국민은행앞 노상주차장(구),영등포구 여의도동 15-22,1545410,37.5285781523077,126.91902980076922,1,500
영등포중앙시장 노상주차장(구),영등포구 영등포동7가 5-1,1545494,37.525140377,126.903809468,1,100
한진해운 앞 노상주차장(구),영등포구 여의도동 2-3,1545502,37.523074750000006,126.92520695176472,1,500
화재보험협회 앞 노상주차장(구),영등포구 여의도동 3-5,1545508,37.521181210624995,126.92648154125001,1,500
벽산디지털밸리앞 노상주차장(구),영등포구 문래동5가 5-0,1545832,37.514724424,126.887210754,1,500
공유) 당산1동거주자우선주차장(구),"영등포구 당산동3가 4-1 ",1547148,37.527142509,126.897466248,1,0
경남아파트 앞 노상주차장(구),영등포구 당산동3가 56-0,1548692,37.52451484285713,126.90207829,1,100
장충단로(한남광장) 관광버스전용 주차장(시),용산구 한남동 9-19,1549662,37.547351008,127.00265001799998,1,0
경남아파트 앞 노상주차장(구),영등포구 영등포동7가 56-0,1551329,37.52403856526316,126.90214976052633,1,100
홍우빌딩 앞 노상주차장(구),영등포구 여의도동 4-3,1551573,37.52102788888889,126.93043320999999,1,500
경도상가앞 노상주차장(구),영등포구 여의도동 44-0,1551803,37.519536294000005,126.930911376,1,500
나들목공영주차장(구),중랑구 중화동 304-36,1554895,37.598757122905965,127.07743688760685,1,250
양남사거리 앞 노상주차장(구),영등포구 양평동1가 30-0,1561583,37.524982749,126.889573247,1,250
여의서로 공영주차장(시),영등포구 여의도동 8-1,1561603,37.53257551833332,126.91350152511905,1,160
대림역 공영주차장(시),영등포구 대림동 808-24,1562029,37.49313619944443,126.89537422555554,1,260
동아빌딩앞 노상주차장(구),영등포구 여의도동 14-0,1564068,37.526703832,126.916475568,1,500
렉싱턴호텔뒤 노상주차장(구),영등포구 여의도동 13-0,1564262,37.52295425,126.9348579,1,500
롯데캐슬앞 노상주차장(구),영등포구 여의도동 36-0,1564328,37.519399627,126.938581359,1,500
남대문시장자유상가앞 이륜차 주차장(시),중구 남대문로3가 13-3 0,1566690,37.56122279357141,126.97967342,1,0
남대문시장알파문구앞 이륜차 주차장(시),중구 남대문로4가 3-6 0,1566861,37.56047603584908,126.97656110132077,1,0
남대문시장연세상가앞 이륜차 주차장(시),중구 남창동 235-1 0,1566863,37.557592330526326,126.97642614052634,1,0
거주자우선주차장(구),강동구 성내동 540-0,1567464,37.530243495862074,127.12403562827586,1,250
교통공원길(구),송파구 신천동 10-2,1568618,37.51564234582088,127.10209281179101,1,250
은마아파트(구),강남구 대치동 316-0,1568804,37.502709759,127.067149552,1,300
한신동성아파트옆(구),노원구 하계동 256-7,1568841,37.640043449375,127.07409739375001,1,250
위례성길(구),송파구 방이동 18-0,1569863,37.50937414,127.115356978,1,250
창동역 (구)구청별관주차장(구),도봉구 창동 5-1,1574958,37.637618551,127.040453765,1,250
노원세무서 앞 공영주차장(구),도봉구 창동 15-0,1575014,37.652209437,127.037776886,1,250
방학동 월드상가 앞 주차장(구),도봉구 방학동 717-0,1575186,37.668462376,127.042947739,1,250
남부여성발전센터 공영주차장(시),금천구 시흥동 139-2,1575315,37.462917,126.905718,128,120
장안공원지하주차장(구),동대문구 장안동 300-0,1575595,37.571974175,127.073736208,163,1000
신방화역 공영주차장(시),강서구 마곡동 739-0,1575751,37.56706812,126.81757628,199,170
진흥로 공영주차장(시),은평구 역촌동 41-8,1576126,37.60241317285714,126.92069831785714,1,200
온수역(남) 공영주차장(시),구로구 온수동 51-26,1576208,37.491834786829266,126.82432493365854,1,170
옥수역 공영주차장(시),성동구 옥수동 401-1,1576313,37.54226148903226,127.01706865999999,1,170
돈화문로 공영주차장(시),중구 을지로3가 296-24,1576347,37.56415054166666,126.99288996666662,1,750
도봉로 15길 공영주차장(시),강북구 미아동 458-7,1576512,37.61680491999999,127.028236690625,1,200
원효대교 남단 공영주차장(시),영등포구 여의도동 5-0,1576530,37.5223366523077,126.93689509923077,1,160
가양라이품 공영주차장(시),강서구 가양동 1457-1,1576703,37.57155732,126.84165292,38,170
마른내로 공영주차장(시),중구 오장동 69-3,1577094,37.56454357785714,127.00005600142856,1,620
중곡초교(구),중랑구 면목동 380-0,1577121,37.585846231,127.088586497,140,100
장안보성연립노상주차장(구),동대문구 장안동 427-4,1578559,37.561824904,127.066733152,1,500
회기역주변 공영주차장(구),동대문구 휘경동 320-4,1579374,37.59022724317648,127.05989102964702,1,500
창경궁로2 관광버스 주차허용 구간(시),종로구 와룡동 2-86 (홍화문~선인문),1582612,37.579023348,126.99651016600001,1,0
APM플레이스 앞 관광버스 주차허용 구간(시),중구 을지로7가 112-3,1582627,37.565676499999995,127.0085895,1,0
세종대로3 관광버스 승하차 허용 구간(시),중구 태평로2가 113-1 (신협 ~ 세븐일레븐),1582645,37.563362585,126.976973025,1,0
토정로 관광버스 주차허용 구간(시),마포구 합정동 5-12,1582666,37.54528818666666,126.91882995666667,1,0
모래내로 관광버스 주차허용 구간(시),서대문구 남가좌동 318-11,1582684,37.57414391699999,126.92412373099998,1,0
청계8가(북) 공영주차장(시),동대문구 신설동 109-2,1583447,37.57108398548389,127.02667203419357,1,450
보라매상업 공영주차장(시),동작구 신대방동 431-3,1583862,37.49039184,126.92340595,64,220
구청사주변(구),노원구 상계동 739-2,1584204,37.654536737972954,127.05605299851352,1,250
구본청 부설주차장(구),동작구 노량진동 47-2,1584694,37.51231037,126.93944805,86,250
곰달래로5길 노상(구),양천구 신월동 126-36,1584698,37.53302701783786,126.8328321658108,1,150
세종대로1 관광버스 승하차 허용 구간(시),중구 태평로1가 60-22 (코리아나호텔 주차장 입구 ~ 시의회 앞),1584724,37.567547950000005,126.97686344,1,0
세종대로2 관광버스 승하차 허용 구간(시),중구 정동 5-5 (정동 5-5(시청역 2번 출구 앞),1584731,37.565996479999995,126.97694016,1,0
구의2동 주택가 공영주차장(구),광진구 구의동 30-10,1584793,37.552973,127.09285,90,75
영동6교밑 공영주차장(시),강남구 대치동 512-1,1585237,37.49444862605262,127.07105626342106,1,260
배오개길 공영주차장(시),중구 예관동 22-1,1586294,37.565344874000004,126.99831761799999,1,680
15-가600구간(구),강동구 명일동 583-0,1587380,37.530428,127.123802,1,500
공유) 9-88(구),마포구 동교동 192-1,1587406,37.557267668,126.922782782,1,0
공유) 용신동 B 98구간(구),동대문구 용두동 52-44,1587790,37.57718969,127.03686596,26,600
중화2동 66구간B(구),중랑구 중화동 50-17,1588173,37.597392024,127.07391593,1,0
공항2임시(구),강서구 공항동 703-0,1588311,37.55717755,126.8164318,75,
신월4동 공영주차장(시),양천구 신월동 411-1,1588341,37.525643,126.837692,46,120
어울림주차장(구),양천구 신정동 318-2,1588344,37.521163312,126.856293488,32,150
한울주차장(구),양천구 신월동 957-10,1588352,37.51995355,126.83176417,21,100
곰달래주차장(구),양천구 신월동 226-9,1588364,37.5295809,126.8363976,106,50
해맞이공영주차장(구),양천구 신월동 987-0,1588366,37.51967896,126.83490721,250,50
문화회관 지하 주차장(구),양천구 신정동 322-0,1588368,37.521363904,126.856722672,93,150
가로공원공영주차장(구),양천구 신월동 263-0,1588369,37.522548428,126.851051019,376,150
거주자노외주차장(구),성동구 송정동 72-242,1588885,37.55325753,127.06845194,67,0
금남시장 공영주차장(구),성동구 금호동3가 294-0,1588889,37.5484862,127.0232804,11,200
공유) 09-06(구),성동구 금호동1가 636-0,1588898,37.55082911,127.02632265,33,900
공유) 한강로동 32구간(구),용산구 한강로2가 15-6,1594022,37.53120366,126.971424032,1,0
삼각지고가밑 공영주차장(시),용산구 문배동 12-1,1594991,37.537054063125,126.96952448124999,1,250
벽산공영(구),"강북구 수유동 45-0 ",1614626,37.646930902,127.009388454,1,200
동서울호텔길 노상공영주차장(구),광진구 자양동 609-1,1629386,37.53277684,127.077595798,1,250
공유) 구로중학교A(구),구로구 구로동 65-0,1630116,37.489413168,126.886968778,1,0
공유) 구로중학교B(구),구로구 구로동 65-0,1632632,37.489413168,126.886968778,1,0
공유) 16-31(구),성동구 성수동1가 10-3,1664520,37.545765642,127.045976292,1,900
공유) 16-06(구),성동구 성수동1가 7-15,1664824,37.538038071,127.04633247,1,900
공유) 05-05(구),성동구 행당동 4-12,1665982,37.560489548,127.040860888,1,900
공유) 20-26(구),"성동구 용답동 28-1 ",1667351,37.564968316,127.053475211,1,900
공유) 20-13(구),"성동구 용답동 6-1 ",1667955,37.564892903,127.050711396,1,900
공유) 17-25(구),성동구 성수동2가 442-0,1668140,37.537468694,127.059478324,1,900
국민대앞북악주차(구),"성북구 정릉동 880-1 ",1671497,37.60983422000001,126.99516094,1,150
문정골길 노상 공영주차장(구),송파구 문정동 41-14,1682210,37.486580137,127.126200859,1,150
공유) 동화동 07(003~012구간)(구),중구 신당동 50-13,1702905,37.55856221,127.015986629,1,600
공유) 중화2동 11구간(구),중랑구 중화동 61-4,1706235,37.600715284,127.083135287,1,600
세종로 공영주차장(시),종로구 세종로 80-1,171721,37.57340269,126.97588429,1260,430
종묘주차장 공영주차장(시),종로구 훈정동 2-0,171730,37.57150398,126.99496888,1317,400
명광교회공영주차장(구),종로구 명륜3가 12-0,171778,37.59083826,126.992325584,8,250
창신1동공영주차장(창일공영)(구),종로구 창신동 82-0,171802,37.570665946,127.014836051,86,2000
훈련원공원 공영주차장(시),중구 을지로5가 40-3,171900,37.56740014,127.00352062,873,550
묵정공원지하 공영주차장(구),중구 충무로5가 21-0,171901,37.563255445,127.001588924,491,400
동화동 공영주차장(구),중구 신당동 52-7,171924,37.562339752,127.011515377,220,150
신당사거리 공영주차장(구),중구 신당동 110-1,171965,37.563539873,127.022226341,51,250
용산전자상가3(구),용산구 한강로3가 19-2,172015,37.526022108,126.963070209,167,250
용산전자상가1(구),용산구 한강로3가 12-0,172027,37.523830164,126.968139255,202,250
한남유수지공영주차장(구),용산구 한남동 522-44,172037,37.5298673,127.00740065,124,250
한강진역 공영주차장(시),용산구 한남동 728-27,172051,37.53952176,127.00257963,174,400
용산주차빌딩 공영주차장(시),용산구 한강로2가 12-9,172065,37.53436379,126.96541818,561,300
용산2가소월주차장(구),용산구 용산동2가 11-0,172068,37.545545985,126.987239267,56,150
홍익동(건물) 공영주차장(구),성동구 홍익동 252-0,172089,37.5656391,127.03390496,83,100
강변(건물) 공영주차장(구),성동구 성수동1가 366-1,172144,37.53696583,127.04904251,99,150
용답동(건물) 공영주차장(구),성동구 용답동 4-1,172149,37.564810968,127.050537882,164,100
구의1동 공영주차장(구),광진구 구의동 243-78,172198,37.53828214,127.08789174,172,200
자양4동 공영주차장(구),광진구 자양동 5-5,172218,37.539012727,127.062784497,83,150
청량리동 노외주차장(구),동대문구 청량리동 51-4,172230,37.589118409,127.040536093,26,1000
회기동 공영주차장(구),동대문구 회기동 1-1,172282,37.59208429,127.0554514,100,500
용마폭포공원공영주차장(구),중랑구 면목동 1-4,172318,37.580411564,127.087852603,119,100
원묵 고등학교 공용 지하주차장(구),중랑구 묵동 23-0,172344,37.616152315,127.080388933,107,50
송중동 공영주차장(구),강북구 미아동 48-1,172550,37.614831364,127.031097777,53,200
인수동공영주차장(구),강북구 수유동 126-0,172580,37.646109618,127.025014103,89,200
교통광장공영주차장(구),강북구 우이동 265-0,172594,37.663387,127.012621,158,200
동막골 (구),노원구 상계동 31-0,172632,37.651952298,127.069700705,38,150
갈현1동공영주차장(구),은평구 갈현동 9-112,172777,37.62648828,126.91533796,61,100
마포유수지(시),마포구 마포동 36-1,172844,37.53890027,126.94266859,503,220
성산2-1 공영주차장(구),마포구 성산동 199-0,172923,37.568442597,126.90653386,59,1000
한두공영주차장(구),양천구 목동 610-5,172927,37.54876937,126.86622879,39,50
웃우물 공영주차장(시),양천구 신정동 943-25,172935,37.52379759,126.85141746,79,220
목동체비지 공영주차장(시),양천구 목동 908-26,172937,37.53679354,126.8806468,55,130
방화역(서) 공영주차장(시),강서구 방화동 829-1,172970,37.57757395,126.81217459,69,170
방화역(동) 공영주차장(시),강서구 방화동 830-4,172971,37.57730116,126.81331479,66,170
개화산역 공영주차장(시),강서구 방화동 845-0,172979,37.57224302,126.80518976,321,170
가양3동 공영주차장(시),강서구 가양동 1488-12,173005,37.56033753,126.85977547,56,200
화곡6-1 공영주차장(구),강서구 화곡동 1103-6,173013,37.55298682,126.84843416,293,100
가양역 공영주차장(시),강서구 가양동 1480-10,173047,37.56332959,126.85308175,79,260
구로5동마을공동주차장(구),구로구 구로동 549-73,173073,37.50085864,126.88604808,81,100
효봉공영주차장(구),금천구 시흥동 3-129,173091,37.46077721,126.91096477,69,65
구로리공원지하주차장(구),구로구 구로동 139-82,173093,37.4908967,126.89160489,203,150
고척1동마을공동주차장(구),구로구 고척동 52-54,173104,37.50228329,126.86393268,88,100
구로2동 마을공동주차장(구),구로구 구로동 317-187,173139,37.4914815,126.88831207,88,100
가산동공영주차장(구),금천구 가산동 148-28,173160,37.47666086,126.89557749,130,65
견인보관소 노외(구),금천구 가산동 614-34,173169,37.48299347,126.87581985,55,300
문래동공영(구),영등포구 문래동5가 3-0,173185,37.516860164,126.882898494,52,150
당산1동공영(구),영등포구 당산동3가 6-1,173193,37.526944753,126.897363044,91,100
도림초교공영(구),영등포구 신길동 285-1,173246,37.503273847,126.903340891,145,50
흑석빗물펌프장공영주차장(구),동작구 흑석동 105-0,173261,37.50784615,126.965585983,45,190
공유) 성대주차장(구),동작구 상도동 259-27,173278,37.497255,126.933865,28,0
공유) 은행나무골(구),동작구 사당동 297-1,173286,37.481083,126.97161,22,0
원신공영주차장(구),관악구 신림동 366-0,173329,37.486662603,126.913797348,174,50
구룡산제2호(구),강남구 개포동 126-2,173389,37.47725982,127.06647741,127,200
일원역 공영주차장(시),강남구 일원동 716-2,173424,37.48468629,127.08408987,67,170
사당노외 공영주차장(시),서초구 방배동 507-1,173452,37.47543791,126.98377372,183,400
개포동공원 공영주차장(구),강남구 개포동 183-2,173468,37.48949036,127.06623841,145,200
구룡산제1호(구),강남구 개포동 567-23,173474,37.47791276,127.06605468,91,200
구룡공원 공영주차장(구),서초구 양재동 399-0,173498,37.471637,127.048511,131,150
강남치매지원센터 공영주차장(구),강남구 삼성동 113-26,173534,37.5102479,127.04645828,90,400
수서역북 공영주차장(시),강남구 수서동 735-0,173553,37.48801285,127.09994995,575,320
구룡공영주차빌딩(구),서초구 양재동 301-6,173590,37.47419615,127.04595546,107,300
신천유수지 공영주차장(시),송파구 신천동 14-0,173646,37.52231457,127.10290327,192,260
복정역 공영주차장(시),송파구 장지동 600-2,173752,37.47005293,127.1277329,362,170
아시아공원(구),송파구 잠실동 84-0,173754,37.508760112,127.086688703,113,250
온조대왕 문화체육관옆(구),강동구 고덕동 300-0,173759,37.562655341,127.161373564,27,150
가락 1공영주차장(구),송파구 가락동 98-1,173776,37.49442481,127.11884506,48,250
남산한옥마을 공영주차장(시),중구 필동2가 83-1,173828,37.56005799,126.99316078,16,430
도봉산 공영주차장(시),도봉구 도봉동 282-26,173831,37.6876442,127.04066026,135,170
볕우물 공영주차장(시),강동구 암사동 473-3,173840,37.55237413,127.13512275,97,130
천호역 공영주차장(시),강동구 천호동 455-0,173867,37.53849749,127.12512853,1431,260
가락 2공영주차장(구),송파구 가락동 80-2,173885,37.49483782,127.11962395,84,250
거여동(기계식)(구),송파구 거여동 33-16,173886,37.49227702,127.15038338,123,50
공유) 등용로(구),동작구 대방동 23-2,1759628,37.503854669,126.923890324,1,1200
고척리본타운주차장(구),구로구 고척동 156,1912338,37.503201224,126.851208658,66,150
공유) 삼청동주민센터 옆(구),종로구 삼청동 111-1,1913071,37.584849,126.981906,9,600
공유) 03-20(구),성동구 도선동 12-1,1913209,37.565271239,127.030295447,1,900
남산예장 관광버스전용 주차장(시),중구 예장동 4-1,1913385,37.559821,126.989076,39,6000
장안1동 공영주차장(시),동대문구 장안동 392-3,1913393,37.56941,127.066994,71,130
공유) 성북구 복사골 주차장(구),성북구 성북동 230-1,1913399,37.594806,126.993478,10,1200
공유) 성북구 도담도담 주차장(구),성북구 성북동 232-13,1913400,37.594584,126.993775,7,1200
공유) 성북구 심우장 주차장(구),성북구 성북동 241-5,1913401,37.594546,126.994284,11,1200
면목유수지 공영주차장(시),중랑구 면목동 168-2,1913415,37.579494,127.081451,567,100
공유) 중화2동 21구간(구),중랑구 중화동 73-8,1913533,37.598453928,127.075770626,1,600
공유) 화랑마을 공영(구),중랑구 묵동 122-9178,1913534,37.608739,127.080165,4,600
공유) 용마산로524 공영(구),중랑구 망우동 466-9009,1913538,37.597816,127.100005,4,600
훈련원공원 앞 관광버스 전용 주차장(시),중구 을지로5가 40-2,1913605,37.566806500000006,127.003961,1,0
DDP 유어스빌딩 앞 관광버스 주차허용 구간(시),중구 신당동 204-92,1913613,37.567835,127.01175,1,0
성촌공원 남측 관광버스 주차허용 구간(시),용산구 이촌동 173-1,1913615,37.530620645,126.95400500000001,1,
성암로 관광버스 주차허용 구간(시),마포구 상암동 1695-0,1913619,37.5813,126.892126,1,0
이태원 입구 관광버스 승하차 허용 구간(시),용산구 이태원동 56-4,1913626,37.534145011999996,126.98943711999999,1,
신세계면세점 명동점 앞 관광버스 승하차 허용 구간(시),중구 충무로1가 52-47 (신세계면세점 명동점 옆),1913645,37.56006843,126.98128216666667,1,
공유) 19-21(구),성동구 송정동 73-568,1913868,37.550551,127.067161,9,900
공유) 05-10(구),성동구 사근동 190-2,1914305,37.56016,127.048561,25,900
공유) 10-01(구),성동구 금호동2가 9-1,1914324,37.553492021000004,127.020152734,1,900
거여동 거주자상생주차장(구),송파구 거여동 41-4,1914705,37.493986,127.146035,174,0
갈산 거주자우선주차장(구),양천구 신정동 1325-4,1914910,37.510638,126.870335,10,100
효자로 관광버스 주차허용 구간(시),종로구 궁정동 15-0 (청운효자동 주민센터 ~ 무궁화동산 앞),1915134,37.58385,126.97155000000001,1,0
둘리뮤지엄공영주차장(구),도봉구 쌍문동 79-0,1915162,37.647431652,127.030431599,25,100
여의도공원 공영주차장(시),영등포구 여의도동 2-11,1915194,37.52259999999999,126.91685,1,300
공유) 10-00구역(구),금천구 시흥동 812-4,2868454,37.458939,126.906769,24,100
공유) 05-30구역(구),금천구 독산동 375-3,2871710,37.467228,126.90833,16,100
국민일보사옥앞(구),"영등포구 여의도동 1-2 ",2877337,37.529659062499995,126.9249293375,1,500
개봉1동마을공동주차장(구),구로구 개봉동 416-2,2877882,37.505479,126.844969,56,50
공유) 08-11거주자노외(구),성동구 행당동 341-48,2880339,37.553101,127.031513,19,900
공유) 08-00구역(구),금천구 시흥동 243-12,2882101,37.450963,126.9132801,52,100
공유) 06-05구역(구),금천구 독산동 985-21,2885508,37.473777,126.90244,3,100
신성시장길공영노상주차장(구),"광진구 중곡동 83-6 ",2888526,37.559480934,127.092308978,1,300
남가좌2동 제1공영주차장(구),서대문구 남가좌동 64-8,2889027,37.577009,126.921793,12,150
홍은2동 제3공영주차장(구),서대문구 홍은동 265-26,2900440,37.586667,126.934185,54,150
동우주차장(시),성동구 행당동 32-1,2900898,37.56017914,127.03146521,8,
공유) 11-00구역(구),금천구 시흥동 917-5,2905772,37.449845,126.908831,30,100
홍제견인보관소(구),서대문구 홍제동 294-84,2912052,37.590652,126.940735,75,3000
간송옛집  공영주차장(구),도봉구 방학동 58-10,2915953,37.665246,127.027521,15,0
홍은2동 제1공영주차장(구),서대문구 홍은동 410-44,2933868,37.578935,126.925682,3,150
중마루공원앞(구),"영등포구 영등포동2가 53-0 ",2948339,37.52114615599999,126.91037760400002,1,500
공유) 11-37구역(구),금천구 시흥동 933-77,2949614,37.447544,126.906456,4,100
공유) 10-05구역(노외)(구),금천구 시흥동 173-11,2949948,37.454087,126.909043,5,100
공유) 12-15구역(구),금천구 시흥동 873-23,2952520,37.456634,126.901706,6,100
남가좌2동 제2공영주차장(구),서대문구 남가좌동 3-75,2958999,37.583061,126.923,12,150
화곡5-1 공영주차장(구),강서구 화곡동 1030-33,2967144,37.543908,126.839717,26,50
화곡5-2 공영주차장(구),강서구 화곡동 1056-2,2968300,37.544231,126.840749,27,50
화곡7-1 공영주차장(구),강서구 화곡동 370-63,2970342,37.536029,126.839151,86,50
화곡1-1 공영주차장(구),강서구 화곡동 424-94,2972042,37.531425,126.839888,99,50
화곡8-2 공영주차장(구),강서구 화곡동 410-4,2974923,37.537733,126.850353,109,50
화곡2-1 공영주차장(구),강서구 화곡동 167-10,2977450,37.536046,126.852451,58,50
화곡본-2 공영주차장(구),강서구 화곡동 46-127,2977637,37.544304,126.848442,100,50
난곡동제1공영주차장(구),관악구 신림동 626-82,2982857,37.472223,126.923159,119,50
난지중앙로노상공영주차장(시),"마포구 상암동 481-94 ",2983079,37.5692454064516,126.88054358387096,1,150
화곡8-1 공영주차장(구),강서구 화곡동 410-60,2983314,37.538518,126.848922,59,50
광장공영주차장(구),양천구 목동 907-19,2986891,37.535463,126.879364,42,150
한서 공영주차장(구),마포구 염리동 24-170,2989102,37.552856,126.949343,63,1000
어울림소공원 공영주차장(구),강북구 미아동 4-1,2991019,37.620985089,127.020239121,45,200
교대역동측주차장(구),서초구 서초동 1673-7,2998608,37.493821,127.015536,26,800
고척리본타운(구),구로구 고척동 156-0,2999135,37.505136,126.857448,66,150
둘리뮤지엄  공영주차장(구),도봉구 쌍문동 79-0,2999326,37.647431652,127.030431599,25,100
휘경유수지(구),동대문구 휘경동 7-18,3001565,37.58988,127.069266,53,500
동막골 노외공영주차장(구),노원구 상계동 31-0,3012953,37.651952298,127.069700705,35,150
교남 공영주차장(구),종로구 행촌동 1-53,3016934,37.572813,126.963888,30,300
빗물펌프장 공영주차장(구),동작구 흑석동 105-0,3022649,37.50784615,126.965585983,45,190
화곡본-1 공영주차장(구),강서구 화곡동 56-127,3024916,37.539753,126.849814,98,50
합정노상공영주차장(구),마포구 서교동 394-22,3027542,37.54880004333334,126.91736125000001,1,500
화양동공영주차장(구),광진구 화양동 63-2,3039787,37.545259,127.071212,44,200
효자 공영주차장(구),종로구 효자동 68-1,3056724,37.583098,126.970726,23,300
홍은1동 제4공영주차장(구),서대문구 홍은동 11-23,3059119,37.601417,126.94895,49,150
경동고 공영주차장(구),성북구 삼선동3가 43-1,3061330,37.58672022310675,127.01537422835828,123,150
공유) 11-99구역(구),금천구 시흥동 933-24,3066052,37.448523,126.906228,33,100
공유) 12-09구역(노외)(구),금천구 시흥동 865-9,3069409,37.459624,126.90265,10,100
가재울 공영주차장(구),노원구 하계동 252-6,3071313,37.637358,127.07334,121,150
공유) 11-30구역(구),금천구 시흥동 79-3,3072787,37.447639316,126.909323407,1,100
명광교회옆(구),종로구 명륜3가 12-0,3076679,37.59083826,126.992325584,8,250
성균관 유림회관(시),종로구 명륜3가 53-0,3077801,37.589755646,126.992212492,40,1500
길음역환승주차장(구),성북구 하월곡동 104-112,3081129,37.604238,127.025818,147,150
까치공원공영주차장(구),중랑구 면목동 570-0,3083866,37.583485,127.087318,90,100
홍은1동 제1공영주차장(구),서대문구 홍은동 9-164,3084271,37.598642,126.949629,12,150
고분다리전통시장 주차장(구),강동구 천호동 280-9,3088540,37.542974,127.132245,26,150
공유) 03-35구역(구),금천구 독산동 1040-58,3091694,37.46563,126.903346,48,100
화곡5-3 공영주차장(구),강서구 화곡동 1060-18,3092944,37.54335,126.842329,13,50
KBS본관뒤(구),"영등포구 여의도동 1-9 ",3096819,37.52412345128205,126.9156309820513,1,500
여의도공원앞(구),"영등포구 여의도동 2-0 ",3103348,37.522017307,126.930048017,1,500
금융투자교육원앞(舊경호빌딩)(구),"영등포구 여의도동 2-5 ",3103861,37.52355138888888,126.9261321,1,500
공유) 06-00구역(구),금천구 독산동 982-6,3105792,37.47408,126.898834,20,100
공유) 10-29구역(구),금천구 시흥동 4-9,3106040,37.454864156,126.902573225,1,100
한마음 공영주차장(구),양천구 목동 914-5,3119519,37.530543,126.877927,553,150
화곡3-1 공영주차장(구),강서구 화곡동 1045-0,3122567,37.541779,126.834749,99,50
구릉공영 주차장(구),동작구 신대방동 351-14,3124871,37.498732,126.927446,20,150
화곡1-2 공영주차장(구),강서구 화곡동 366-47,3127483,37.533821,126.841008,9,50
회기역 주변 노상공영주차장(구),"동대문구 휘경동 320-7 ",3127865,37.58999959999999,127.0565312,1,500
공덕1-1 공영주차장(구),마포구 공덕동 11-243,3129403,37.547386,126.960882,77,1000
회기역 주변 노상공영주차장(구),"동대문구 휘경동 269-7 ",3133245,37.59026646896553,127.06075261034485,1,500
쌈지 공영주차장(구),강북구 수유동 62-4,3138352,37.639681924,127.019123703,19,1000
회기역 주변 노상공영주차장(구),"동대문구 휘경동 191-5 ",3139314,37.590154788888896,127.05790632777774,1,500
색동공원공영주차장(구),강북구 수유동 49-7,3146823,37.643238964,127.026853781,80,200
회기역 주변 노상공영주차장(구),동대문구 휘경동 255-3,3148048,37.59029279189189,127.0603756864865,1,500
어울림 공영주차장(구),양천구 신정동 318-2,3156969,37.521163312,126.856293488,32,150
구산동 마을공원 지하 공동주차장(구),은평구 구산동 340-1,3166748,37.614748,126.90847,37,100
공영주차장(구),성동구 하왕십리동 301-6,3170723,37.570052,127.028292,1,500
공유) 11-02구역(노외)(구),금천구 시흥동 218-49,3175238,37.453355,126.911845,4,100
舊MBC뒤(구),"영등포구 여의도동 3-0 ",3177445,37.524251357142866,126.93067692539684,1,500
공유) 05-00구역(구),금천구 독산동 197-6,3179113,37.47001,126.9012,17,100
공유) 11-55구역(구),금천구 시흥동 211-12,3180023,37.453594,126.911259,21,100
공유) 10-25구역(구),금천구 시흥동 798-45,3181739,37.460527,126.907538,19,100
파미에(반포천) 주차장(시),서초구 반포동 118-3,3187200,37.504517,127.007933,1186,440
거주자우선주차장(구),중구 신당동 432-60,3204436,37.554734,127.007947,3,2000
서소문올리브타워옆 공영주차장(구),중구 서소문동 137-0,3204439,37.564085862,126.976179534,16,500
성동 고등학교 공영주차장(구),중구 신당동 161-0,3204497,37.558112544,127.012228843,134,150
용산전자상가1(구),용산구 용산동3가 12-0,3210904,37.534368831,126.97519485,202,250
210-1 주차장(민영)(시),송파구 석촌동 210-0,3211075,37.506572635,127.100341655,35,
대광주차장(민영)(시),송파구 석촌동 60-0,3211085,37.499964504,127.105839158,18,
송파나루공원 동호주차장(구)(시),송파구 신천동 32-0,3211105,37.515002997,127.102059186,20,
낙산 공영주차장(구),종로구 창신동 23-343,3215848,37.5773975,127.012171,50,200
서호2(구),송파구 잠실동 47-0*,3218399,37.509532559,127.084571043,18,500
06-28(구),송파구 마천동 30-0,3220486,37.497753989,127.149853225,,
송파구 마천동 27-3(구),송파구 마천동 27-3,3221609,37.499062837,127.149595628,,
송파구 마천동 367-1(구),송파구 마천동 367-1,3224438,37.491902582,127.1548331,,
14-19(구),송파구 삼전동 20-0,3227913,37.505600557,127.090643609,,
송파구 거여동 11-1(구),송파구 거여동 11-1,3229459,37.497952905,127.145070135,,
21-37(구),송파구 잠실동 348-0,3235715,37.5022538291235,127.086132463666,13,
서호1(구),송파구 잠실동 42-0,3238629,37.509083386,127.08491465,15,500
천마(건축물식)(구),송파구 마천동 1-5,3239010,37.499481452,127.147718852,141,50
이화공영(구),종로구 이화동 13-2,3245950,37.58089244,127.005074125,100,400
공유) 03-34구역(구),금천구 독산동 376-11,3246013,37.467164,126.9062501,21,100
공유) 03-22구역(구),금천구 독산동 1031-13,3246141,37.465446,126.898415,7,100
공유) 04-00구역(구),금천구 독산동 992-27,3246155,37.473506,126.904747,18,100
공유) 10-11구역(구),금천구 시흥동 815-38,3246206,37.45638,126.90662,7,100
공유) 10-13구역(구),금천구 시흥동 808-2,3246207,37.4582711,126.907996,38,100
공유) 11-77구역(구),금천구 시흥동 79-3,3246396,37.446896,126.91099,22,100
test(시),강남구 역삼동 1-1,3246602,37.494494639,127.034049137,,
고척근린시장 공영주차장(구),구로구 고척동 253-175,3247097,37.501891,126.849904,20,100
구로미래도서관 공영주차장(구),구로구 구로동 1-4,3247098,37.506854,126.891471,52,150
구로2동 소공원 공영주차장(구),구로구 구로동 454-1,3247099,37.497534,126.883991,104,150
"행운동제1공영주차장(구,봉천6동 까치공영주차장)(구)",관악구 봉천동 1677-10,3247283,37.479931,126.960639,78,150
강남세곡체육공원(구),강남구 세곡동 1-7,3247309,37.4666394,127.1136939,60,200
개포4문화센터(구),강남구 개포동 1204-0,3247310,37.477133,127.0499016,43,200
가오천 노상공영(구),강북구 수유동 181-40,74588,37.64375906634922,127.0245786712699,1,200
화곡4-1 공영주차장(구),강서구 화곡동 809-26,781509,37.53431225,126.86105755,203,50
곰달래 문화복지센터 공영주차장(구),강서구 화곡동 890-0,781512,37.52904612,126.84886082,248,100
홍은 1동 제4 공영 주차장(구),서대문구 홍은동 11-23,782904,37.589945913,126.934543284,105,50
목동노외 공영주차장(시),양천구 목동 905-32,881056,37.53344049,126.87660968,48,150
중곡3동공영주차장(구),광진구 중곡동 195-1,881983,37.560875103,127.095541561,162,150
구세군길 공영주차장(무인)(구),강북구 미아동 791-1360,968455,37.62617605,127.01344244,87,150
가오리 공영주차장(구),강북구 수유동 349-3,968483,37.64160736,127.01498164,120,150
색동공원 공영주차장(구),강북구 수유동 49-7,968514,37.643238964,127.026853781,80,200
신도림역환승주차장(구),구로구 구로동 1-4,984617,37.48655106,126.884920494,65,100
구로아트밸리 지하주차장(구),구로구 구로동 102-0,984688,37.4969958,126.88959831,245,150